category,prompt,response
Market Trends,What market trends are currently influencing electric vehicle adoption?,"Electric vehicle adoption is influenced by battery improvements, charging infrastructure expansion, government incentives, fuel prices, environmental awareness, vehicle affordability, manufacturer investment, and consumer concerns about driving range."
Predictive Market Research,How can a company predict future demand for a new product?,"The company can analyze historical sales, market growth rates, customer surveys, search trends, competitor activity, economic indicators, demographic changes, seasonality, and pilot launch results."
Market Trends,What major trends are shaping the online grocery delivery market?,"Major trends include increased demand for convenience, subscription delivery models, faster fulfillment, mobile ordering, personalized promotions, retailer partnerships, AI-driven recommendations, and growing competition among delivery platforms."
Demographic Analysis,What demographic factors should be considered when launching a new health product?,"Key demographic factors include age, income, gender, location, education, occupation, household size, health needs, cultural preferences, and access to healthcare."
Competitor Analysis,How should a new coffee shop analyze its local competitors?,"The business should compare competitor pricing, menu variety, product quality, customer reviews, location, atmosphere, promotions, loyalty programs, service quality, operating hours, and target customer segments."
Marketing Strategy,How can a new fitness brand attract millennial customers?,"The brand can use social media marketing, influencer partnerships, personalized fitness content, flexible membership options, community engagement, referral programs, wellness education, and mobile-first experiences."
Consumer Behavior,What drives customer loyalty in subscription streaming services?,"Customer loyalty in streaming services is influenced by content quality, exclusive programming, price, ease of use, personalization, recommendation quality, device compatibility, and consistent platform performance."
Marketing Strategy,What marketing strategies can help a local restaurant attract new customers?,"Effective strategies include social media promotions, local partnerships, loyalty programs, online reviews, special events, targeted advertising, delivery partnerships, email marketing, and referral incentives."
Predictive Market Research,What data can help predict customer churn?,"Useful data includes product usage, complaint frequency, support interactions, payment behavior, contract renewal history, satisfaction scores, engagement trends, service disruptions, and changes in purchasing behavior."
Regional Analysis,How can cultural differences affect international market research?,"Cultural differences can influence language, values, purchasing habits, communication styles, brand perception, product preferences, survey responses, and attitudes toward advertising."
Competitor Analysis,How can a new fitness app compare itself with established competitors?,"The company should evaluate competitor features, subscription pricing, user experience, personalization, workout variety, customer reviews, retention strategies, integrations, brand positioning, and unique value propositions."
Customer Satisfaction,What factors most influence customer satisfaction in restaurants?,"Customer satisfaction is influenced by food quality, service speed, staff professionalism, cleanliness, pricing, atmosphere, order accuracy, menu variety, convenience, and how complaints are handled."
Customer Satisfaction,How can a software company measure customer satisfaction?,"A software company can use customer satisfaction surveys, Net Promoter Score, support ticket analysis, churn rates, product reviews, customer interviews, usage data, renewal rates, and customer feedback trends."
Consumer Behavior,What factors influence millennials when selecting a meal delivery service?,"Millennials often consider delivery speed, convenience, pricing, restaurant selection, app usability, promotions, sustainability, customer reviews, and loyalty rewards when choosing a meal delivery service."
Regional Analysis,What factors should be considered when comparing urban and rural markets?,"Important factors include population density, income, transportation access, internet availability, retail access, customer needs, pricing sensitivity, competition, logistics, and preferred shopping channels."
Demographic Analysis,How can income level affect consumer purchasing decisions?,"Income level can influence price sensitivity, product quality expectations, brand preferences, purchase frequency, financing needs, discretionary spending, and willingness to pay for premium features."
